Category,Parameter,Best_f1,Best_config
Bose J,,0.08292682926829269,"(400.0, 2.0)"
Bose WC,,0.15827338129496402,"(200.0, 2.0)"
Earth Mover's Distance,,0.07792207792207792,"(500.0, 2.0)"
LCDD,,0.17883211678832117,"(200.0, 200.0, 5.0)"
Martjushev ADWIN J,,0.1670886075949367,"(100.0, 700.0, 0.4, 50.0)"
ProDrift,,0.4774193548387096,"(300.0, 2.0)"
Process Graph Metrics,,0.2978723404255319,"(300.0, 400.0, 0.1)"
Zheng DBSCAN,,0.029850746268656716,"(300.0, 30.0)"
