Category,Parameter,Best_f1,Best_config
Bose J,,0.6993006993006993,"(100.0, 2.0)"
Bose WC,,0.7194244604316546,"(200.0, 2.0)"
Earth Mover's Distance,,0.7864583333333334,"(600.0, 2.0)"
LCDD,,0.34844868735083534,"(300.0, 300.0, 5.0)"
Martjushev ADWIN J,,0.5918367346938775,"(100.0, 600.0, 0.4, 50.0)"
ProDrift,,0.5225806451612903,"(300.0, 2.0)"
Process Graph Metrics,,0.7230046948356808,"(200.0, 700.0, 0.05)"
Zheng DBSCAN,,0.40987654320987654,"(300.0, 120.0)"
