Category,Parameter,Best_f1,Best_config
Bose J,,0.8723404255319149,"(300.0, 2.0)"
Bose WC,,0.8537170263788969,"(200.0, 2.0)"
Earth Mover's Distance,,0.9197396963123644,"(300.0, 2.0)"
LCDD,,0.6204819277108434,"(1200.0, 1200.0, 5.0)"
Martjushev ADWIN J,,0.840506329113924,"(100.0, 700.0, 0.4, 10.0)"
ProDrift,,0.5225806451612903,"(300.0, 2.0)"
Process Graph Metrics,,0.9014084507042253,"(400.0, 700.0, 0.1)"
Zheng DBSCAN,,0.8370927318295739,"(300.0, 150.0)"
