Category,Parameter,Best_f1,Best_config
Bose J,,0.5594405594405594,"(100.0, 2.0)"
Bose WC,,0.48648648648648646,"(100.0, 2.0)"
Earth Mover's Distance,,0.7083333333333334,"(600.0, 2.0)"
LCDD,,0.20437956204379562,"(200.0, 200.0, 5.0)"
Martjushev ADWIN J,,0.3444730077120823,"(100.0, 500.0, 0.4, 50.0)"
ProDrift,,0.5225806451612903,"(300.0, 2.0)"
Process Graph Metrics,,0.5133689839572192,"(200.0, 400.0, 0.005)"
Zheng DBSCAN,,0.2448979591836735,"(500.0, 100.0)"
