Category,Parameter,Best_f1,Best_config
Bose J,,0.8680851063829788,"(300.0, 2.0)"
Bose WC,,0.8393285371702638,"(200.0, 2.0)"
Earth Mover's Distance,,0.9197396963123644,"(300.0, 2.0)"
LCDD,,0.6204819277108434,"(1200.0, 1200.0, 5.0)"
Martjushev ADWIN J,,0.8232323232323232,"(400.0, 700.0, 0.4, 20.0)"
ProDrift,,0.5225806451612903,"(300.0, 2.0)"
Process Graph Metrics,,0.8873239436619719,"(400.0, 700.0, 0.1)"
Zheng DBSCAN,,0.5864661654135338,"(300.0, 150.0)"
