Category,Parameter,Best_f1,Best_config
Bose J,,0.8425531914893617,"(300.0, 2.0)"
Bose WC,,0.8009592326139089,"(200.0, 2.0)"
Earth Mover's Distance,,0.9197396963123644,"(300.0, 2.0)"
LCDD,,0.5757162346521146,"(400.0, 400.0, 5.0)"
Martjushev ADWIN J,,0.7989690721649485,"(400.0, 500.0, 0.4, 20.0)"
ProDrift,,0.5225806451612903,"(300.0, 2.0)"
Process Graph Metrics,,0.8271028037383178,"(300.0, 700.0, 0.1)"
Zheng DBSCAN,,0.5864661654135338,"(300.0, 150.0)"
