,noise_level,method,lag,eval_focus,TP,FP,FN_TP,Precision,Recall,F1_score
2,0.0,emd,5.0,change_point,2763,1113,4335,0.7128482972136223,0.6373702422145329,0.6729996346364633
8,0.3,emd,5.0,change_point,1319,507,2100,0.7223439211391018,0.628095238095238,0.6719307182883342
14,0.6,emd,5.0,change_point,1329,550,2112,0.7072911122937733,0.6292613636363636,0.6659984966173892
