,noise_level,method,lag,eval_focus,TP,FP,FN_TP,Precision,Recall,F1_score
2,0.0,process_graphs,5.0,change_point,2423,812,4335,0.7489953632148377,0.5589388696655133,0.6401585204755615
8,0.3,process_graphs,5.0,change_point,1216,260,2100,0.8238482384823849,0.579047619047619,0.680089485458613
14,0.6,process_graphs,5.0,change_point,1203,142,2112,0.8944237918215613,0.5696022727272727,0.6959791726930865
