,noise_level,method,lag,eval_focus,TP,FP,FN_TP,Precision,Recall,F1_score
2,0.0,lcdd,5.0,change_point,3581,1012,4335,0.7796647071630742,0.8260668973471742,0.8021953405017921
8,0.3,lcdd,5.0,change_point,1281,2565,2100,0.3330733229329173,0.61,0.43087790110998986
14,0.6,lcdd,5.0,change_point,930,1747,2112,0.34740381023533806,0.4403409090909091,0.3883900605554395
