,noise_level,method,lag,eval_focus,TP,FP,FN_TP,Precision,Recall,F1_score
2,0.0,adwin_j,5.0,change_point,1911,317,4335,0.8577199281867145,0.4408304498269896,0.5823556300472346
8,0.3,adwin_j,5.0,change_point,864,126,2100,0.8727272727272727,0.4114285714285714,0.5592233009708738
14,0.6,adwin_j,5.0,change_point,998,125,2112,0.8886910062333037,0.4725378787878788,0.617001545595054
