,noise_level,method,lag,eval_focus,TP,FP,FN_TP,Precision,Recall,F1_score
2,0.0,bose_j,5.0,change_point,370,749,4335,0.33065236818588023,0.0853517877739331,0.13568023469013565
8,0.3,bose_j,5.0,change_point,170,232,2100,0.4228855721393035,0.08095238095238096,0.13589128697042366
14,0.6,bose_j,5.0,change_point,155,241,2112,0.39141414141414144,0.07339015151515152,0.12360446570972888
