,noise_level,method,lag,eval_focus,TP,FP,FN_TP,Precision,Recall,F1_score
2,0.0,zheng,5.0,change_point,3550,946,4335,0.7895907473309609,0.8189158016147635,0.80398595855509
8,0.3,zheng,5.0,change_point,795,1188,2100,0.4009077155824508,0.37857142857142856,0.38941954445260835
14,0.6,zheng,5.0,change_point,902,1205,2112,0.42809682012339817,0.4270833333333333,0.42758947617918935
